{"d_model": 48, "n_heads": 4, "n_layers": 1, "dropout": 0.09446292063606793, "lr": 0.004948513283599156, "batch_size": 64}